{
  "training_date": "2025-07-06T18:41:29.472489",
  "models": {
    "random_forest": {
      "accuracy": 0.6792565909704471,
      "precision": 0.6309714498702818,
      "recall": 0.7499842640734071
    },
    "xgboost": {
      "accuracy": 0.795794506195196,
      "precision": 0.6789824225342235,
      "recall": 0.7934826760535385
    },
    "neural_network": {
      "accuracy": 0.7416462959681559,
      "precision": 0.6346349250100934,
      "recall": 0.7298628506489987
    }
  },
  "best_model": "xgboost",
  "training_time_minutes": 12.009583127182701
}